-- ============================================================
-- HRMS 丰富样本数据 (Rich Sample Data)
-- 密码均为: 123456 (BCrypt加密)
-- BCrypt hash for "123456": $2a$10$N.zmdr9k7uOCQb376NoUnuTJ8iAt6Z5EHsM8lE9lBOsl7iAt6Z5Eh
-- 实际可登录密码: 123456
-- 管理员账号: admin / admin123
-- 员工账号: zhangsan / 123456
-- ============================================================

USE hrms;

-- ============================================================
-- 1. 系统用户（除了admin外增加员工用户，并关联emp_id）
-- ============================================================
INSERT IGNORE INTO `auth_user` (`id`, `username`, `password`, `real_name`, `email`, `phone`, `status`, `type`, `emp_id`) VALUES
(2, 'zhangsan', '$2a$10$N.zmdr9k7uOCQb376NoUnuTJ8iAt6Z5EHsM8lE9lBOsl7iAt6Z5Eh', '张三', 'zhangsan@hrms.com', '13800000001', 0, 1, 1),
(3, 'lisi', '$2a$10$N.zmdr9k7uOCQb376NoUnuTJ8iAt6Z5EHsM8lE9lBOsl7iAt6Z5Eh', '李四', 'lisi@hrms.com', '13800000002', 0, 1, 2),
(4, 'wangwu', '$2a$10$N.zmdr9k7uOCQb376NoUnuTJ8iAt6Z5EHsM8lE9lBOsl7iAt6Z5Eh', '王五', 'wangwu@hrms.com', '13800000003', 0, 1, 3),
(5, 'zhaoliu', '$2a$10$N.zmdr9k7uOCQb376NoUnuTJ8iAt6Z5EHsM8lE9lBOsl7iAt6Z5Eh', '赵六', 'zhaoliu@hrms.com', '13800000004', 0, 1, 4),
(6, 'sunqi', '$2a$10$N.zmdr9k7uOCQb376NoUnuTJ8iAt6Z5EHsM8lE9lBOsl7iAt6Z5Eh', '孙七', 'sunqi@hrms.com', '13800000005', 0, 1, 5),
(7, 'zhouba', '$2a$10$N.zmdr9k7uOCQb376NoUnuTJ8iAt6Z5EHsM8lE9lBOsl7iAt6Z5Eh', '周八', 'zhouba@hrms.com', '13800000006', 0, 1, 6),
(8, 'wujiu', '$2a$10$N.zmdr9k7uOCQb376NoUnuTJ8iAt6Z5EHsM8lE9lBOsl7iAt6Z5Eh', '吴九', 'wujiu@hrms.com', '13800000007', 0, 1, 7),
(9, 'zhengshi', '$2a$10$N.zmdr9k7uOCQb376NoUnuTJ8iAt6Z5EHsM8lE9lBOsl7iAt6Z5Eh', '郑十', 'zhengshi@hrms.com', '13800000008', 0, 1, 8),
(10, 'liuyi', '$2a$10$N.zmdr9k7uOCQb376NoUnuTJ8iAt6Z5EHsM8lE9lBOsl7iAt6Z5Eh', '刘一', 'liuyi@hrms.com', '13800000009', 0, 1, 9),
(11, 'chener', '$2a$10$N.zmdr9k7uOCQb376NoUnuTJ8iAt6Z5EHsM8lE9lBOsl7iAt6Z5Eh', '陈二', 'chener@hrms.com', '13800000010', 0, 1, 10),
(12, 'huangsan', '$2a$10$N.zmdr9k7uOCQb376NoUnuTJ8iAt6Z5EHsM8lE9lBOsl7iAt6Z5Eh', '黄三', 'huangsan@hrms.com', '13800000011', 0, 1, 11),
(13, 'xusi', '$2a$10$N.zmdr9k7uOCQb376NoUnuTJ8iAt6Z5EHsM8lE9lBOsl7iAt6Z5Eh', '徐四', 'xusi@hrms.com', '13800000012', 0, 1, 12),
(14, 'mayi', '$2a$10$N.zmdr9k7uOCQb376NoUnuTJ8iAt6Z5EHsM8lE9lBOsl7iAt6Z5Eh', '马一', 'mayi@hrms.com', '13800000013', 0, 1, 13),
(15, 'liubei', '$2a$10$N.zmdr9k7uOCQb376NoUnuTJ8iAt6Z5EHsM8lE9lBOsl7iAt6Z5Eh', '刘备', 'liubei@hrms.com', '13810000001', 0, 1, 14),
(16, 'guanyu', '$2a$10$N.zmdr9k7uOCQb376NoUnuTJ8iAt6Z5EHsM8lE9lBOsl7iAt6Z5Eh', '关羽', 'guanyu@hrms.com', '13810000002', 0, 1, 15),
(17, 'zhangfei', '$2a$10$N.zmdr9k7uOCQb376NoUnuTJ8iAt6Z5EHsM8lE9lBOsl7iAt6Z5Eh', '张飞', 'zhangfei@hrms.com', '13810000003', 0, 1, 16),
(18, 'zhugeliang', '$2a$10$N.zmdr9k7uOCQb376NoUnuTJ8iAt6Z5EHsM8lE9lBOsl7iAt6Z5Eh', '诸葛亮', 'zhugeliang@hrms.com', '13810000004', 0, 1, 17),
(19, 'zhaoyun', '$2a$10$N.zmdr9k7uOCQb376NoUnuTJ8iAt6Z5EHsM8lE9lBOsl7iAt6Z5Eh', '赵云', 'zhaoyun@hrms.com', '13810000005', 0, 1, 18),
(20, 'huangzhong', '$2a$10$N.zmdr9k7uOCQb376NoUnuTJ8iAt6Z5EHsM8lE9lBOsl7iAt6Z5Eh', '黄忠', 'huangzhong@hrms.com', '13810000006', 0, 1, 19),
(21, 'machao', '$2a$10$N.zmdr9k7uOCQb376NoUnuTJ8iAt6Z5EHsM8lE9lBOsl7iAt6Z5Eh', '马超', 'machao@hrms.com', '13810000007', 0, 1, 20);

-- ============================================================
-- 2. 给用户分配角色（admin已分配admin角色）
-- ============================================================
INSERT IGNORE INTO `sys_user_role` (`user_id`, `role_id`) VALUES
(2, 2), (3, 2), (4, 2), (5, 2), (6, 2), (7, 2), (8, 2),
(9, 2), (10, 2), (11, 2), (12, 2), (13, 2), (14, 2),
(15, 2), (16, 2), (17, 2), (18, 2), (19, 2), (20, 2), (21, 2);

-- ============================================================
-- 3. 员工数据（20条）
-- ============================================================
INSERT IGNORE INTO `emp_employee` (`id`, `emp_no`, `name`, `gender`, `birthday`, `id_card`, `phone`, `email`, `dept_id`, `position_id`, `hire_date`, `status`, `employment_type`, `source`, `emergency_contact`, `emergency_phone`) VALUES
(1, 'EMP202001001', '张三', 0, '1990-05-15', '110101199005153210', '13800000001', 'zhangsan@hrms.com', 2, 3, '2020-01-15', 'active', 1, 1, '张父', '13900000001'),
(2, 'EMP202003002', '李四', 0, '1992-08-20', '110101199208203211', '13800000002', 'lisi@hrms.com', 2, 2, '2020-03-01', 'active', 1, 1, '李母', '13900000002'),
(3, 'EMP202006003', '王五', 1, '1995-01-10', '110101199501103220', '13800000003', 'wangwu@hrms.com', 2, 4, '2020-06-15', 'active', 1, 1, '王父', '13900000003'),
(4, 'EMP202101004', '赵六', 0, '1988-12-05', '110101198812053212', '13800000004', 'zhaoliu@hrms.com', 3, 6, '2021-01-10', 'active', 1, 1, '赵母', '13900000004'),
(5, 'EMP202103005', '孙七', 1, '1993-07-22', '110101199307223221', '13800000005', 'sunqi@hrms.com', 3, 6, '2021-03-20', 'active', 1, 1, '孙父', '13900000005'),
(6, 'EMP202107006', '周八', 0, '1991-04-18', '110101199104183213', '13800000006', 'zhouba@hrms.com', 4, 8, '2021-07-01', 'active', 1, 2, '周母', '13900000006'),
(7, 'EMP202201007', '吴九', 1, '1994-09-30', '110101199409303222', '13800000007', 'wujiu@hrms.com', 4, 8, '2022-01-05', 'active', 1, 3, '吴父', '13900000007'),
(8, 'EMP202205008', '郑十', 0, '1989-06-25', '110101198906253214', '13800000008', 'zhengshi@hrms.com', 5, 10, '2022-05-10', 'active', 1, 1, '郑母', '13900000008'),
(9, 'EMP202209009', '刘一', 0, '1996-02-14', '110101199602143215', '13800000009', 'liuyi@hrms.com', 5, 10, '2022-09-01', 'active', 1, 2, '刘父', '13900000009'),
(10, 'EMP202301010', '陈二', 1, '1997-11-08', '110101199711083223', '13800000010', 'chener@hrms.com', 6, 12, '2023-01-15', 'active', 1, 3, '陈母', '13900000010'),
(11, 'EMP202304011', '黄三', 0, '1992-03-28', '110101199203283216', '13800000011', 'huangsan@hrms.com', 6, 12, '2023-04-20', 'active', 1, 1, '黄父', '13900000011'),
(12, 'EMP202308012', '徐四', 0, '1987-10-12', '110101198710123217', '13800000012', 'xusi@hrms.com', 7, 14, '2023-08-01', 'active', 1, 1, '徐母', '13900000012'),
(13, 'EMP202401013', '马一', 1, '1998-05-20', '110101199805203224', '13800000013', 'mayi@hrms.com', 7, 14, '2024-01-10', 'active', 1, 2, '马父', '13900000013'),
(14, 'EMP202402014', '刘备', 0, '1985-07-15', '110101198507153218', '13810000001', 'liubei@hrms.com', 2, 1, '2024-02-15', 'active', 1, 3, '刘夫人', '13910000001'),
(15, 'EMP202403015', '关羽', 0, '1986-09-22', '110101198609223219', '13810000002', 'guanyu@hrms.com', 2, 3, '2024-03-01', 'active', 1, 1, '关父', '13910000002'),
(16, 'EMP202404016', '张飞', 0, '1988-01-30', '110101198801303220', '13810000003', 'zhangfei@hrms.com', 3, 5, '2024-04-01', 'active', 1, 1, '张母', '13910000003'),
(17, 'EMP202405017', '诸葛亮', 0, '1983-12-08', '110101198312083221', '13810000004', 'zhugeliang@hrms.com', 5, 9, '2024-05-01', 'active', 1, 3, '诸葛夫人', '13910000004'),
(18, 'EMP202406018', '赵云', 0, '1990-04-05', '110101199004053222', '13810000005', 'zhaoyun@hrms.com', 4, 7, '2024-06-01', 'active', 1, 1, '赵父', '13910000005'),
(19, 'EMP202407019', '黄忠', 0, '1978-11-15', '110101197811153223', '13810000006', 'huangzhong@hrms.com', 6, 11, '2024-07-01', 'active', 1, 1, '黄夫人', '13910000006'),
(20, 'EMP202408020', '马超', 0, '1991-06-18', '110101199106183224', '13810000007', 'machao@hrms.com', 2, 3, '2024-08-01', 'probation', 1, 2, '马父', '13910000007');

-- ============================================================
-- 4. 教育经历数据
-- ============================================================
INSERT IGNORE INTO `emp_education` (`emp_id`, `school`, `major`, `degree`, `start_date`, `end_date`) VALUES
(1, '清华大学', '计算机科学与技术', 4, '2008-09-01', '2012-07-01'),
(1, '清华大学', '软件工程', 5, '2012-09-01', '2015-07-01'),
(2, '北京大学', '计算机科学与技术', 3, '2010-09-01', '2014-07-01'),
(3, '浙江大学', '信息与通信工程', 4, '2013-09-01', '2017-07-01'),
(4, '复旦大学', '市场营销', 3, '2006-09-01', '2010-07-01'),
(5, '上海交通大学', '工商管理', 4, '2011-09-01', '2015-07-01'),
(6, '中国人民大学', '人力资源管理', 3, '2009-09-01', '2013-07-01'),
(7, '南京大学', '心理学', 4, '2012-09-01', '2016-07-01'),
(8, '武汉大学', '会计学', 3, '2007-09-01', '2011-07-01'),
(9, '厦门大学', '财务管理', 4, '2014-09-01', '2018-07-01'),
(10, '中山大学', '工商管理', 3, '2015-09-01', '2019-07-01'),
(11, '华中科技大学', '市场营销', 3, '2010-09-01', '2014-07-01'),
(14, '哈尔滨工业大学', '计算机科学与技术', 5, '2003-09-01', '2008-07-01'),
(15, '北京航空航天大学', '软件工程', 4, '2004-09-01', '2008-07-01'),
(16, '上海财经大学', '市场营销', 3, '2006-09-01', '2010-07-01'),
(17, '中央财经大学', '会计学', 4, '2001-09-01', '2005-07-01'),
(18, '北京师范大学', '人力资源管理', 4, '2008-09-01', '2012-07-01'),
(19, '中国科技大学', '工商管理', 4, '1996-09-01', '2000-07-01'),
(20, '西安交通大学', '计算机科学与技术', 3, '2009-09-01', '2013-07-01');

-- ============================================================
-- 5. 工作经历数据
-- ============================================================
INSERT IGNORE INTO `emp_work_experience` (`emp_id`, `company`, `position`, `start_date`, `end_date`, `description`) VALUES
(1, '阿里巴巴', 'Java开发工程师', '2015-08-01', '2019-12-31', '负责电商平台后端开发，参与双十一核心系统建设'),
(1, '字节跳动', '高级Java工程师', '2020-01-01', '2020-01-10', '负责推荐系统后端微服务开发'),
(2, '腾讯', '前端开发工程师', '2014-08-01', '2020-02-28', '负责微信小程序和Web端开发'),
(3, '美团', '测试工程师', '2017-08-01', '2020-05-31', '负责外卖业务线的自动化测试'),
(4, '京东', '市场专员', '2010-08-01', '2020-12-31', '负责3C品类营销策划与执行'),
(5, '网易', '市场推广', '2015-08-01', '2021-02-28', '负责游戏产品市场推广和用户增长'),
(6, '智联招聘', '招聘专员', '2013-08-01', '2021-06-30', '负责IT行业客户招聘需求对接'),
(7, '猎聘网', 'HR助理', '2016-08-01', '2021-12-31', '负责企业客户关系维护和招聘全流程管理'),
(8, '普华永道', '审计员', '2011-08-01', '2022-04-30', '负责大型企业年度审计工作'),
(9, '德勤', '财务分析师', '2018-08-01', '2022-08-31', '负责企业财务分析和风险评估'),
(14, '华为', '技术总监', '2008-08-01', '2024-01-31', '负责5G通信平台建设和技术团队管理'),
(15, '百度', '资深开发工程师', '2008-08-01', '2024-02-28', '负责搜索引擎后端核心模块开发'),
(16, '奥美广告', '市场总监', '2010-08-01', '2024-03-31', '负责品牌战略规划和团队管理'),
(17, '安永', '财务总监', '2005-08-01', '2024-04-30', '负责大型项目财务管理和团队建设'),
(18, '光辉国际', 'HR总监', '2012-08-01', '2024-05-31', '负责高端人才猎聘和组织发展咨询');

-- ============================================================
-- 6. 考勤记录（最近30天）
-- ============================================================
INSERT IGNORE INTO `att_attendance` (`emp_id`, `attendance_date`, `clock_in_time`, `clock_out_time`, `status`, `remark`) VALUES
(1, '2024-08-01', '2024-08-01 08:55:00', '2024-08-01 18:05:00', 0, NULL),
(1, '2024-08-02', '2024-08-02 09:10:00', '2024-08-02 18:00:00', 1, '迟到10分钟'),
(1, '2024-08-05', '2024-08-05 08:50:00', '2024-08-05 17:45:00', 2, '早退15分钟'),
(2, '2024-08-01', '2024-08-01 08:58:00', '2024-08-01 18:03:00', 0, NULL),
(2, '2024-08-02', '2024-08-02 08:45:00', '2024-08-02 18:10:00', 0, NULL),
(3, '2024-08-01', '2024-08-01 09:30:00', '2024-08-01 18:00:00', 1, '迟到30分钟'),
(4, '2024-08-01', '2024-08-01 08:55:00', '2024-08-01 18:00:00', 0, NULL),
(5, '2024-08-01', '2024-08-01 08:50:00', '2024-08-01 18:05:00', 0, NULL),
(6, '2024-08-01', '2024-08-01 09:00:00', '2024-08-01 18:00:00', 0, NULL),
(7, '2024-08-01', '2024-08-01 08:55:00', '2024-08-01 17:30:00', 2, '早退30分钟'),
(8, '2024-08-01', '2024-08-01 08:50:00', '2024-08-01 18:05:00', 0, NULL),
(10, '2024-08-01', '2024-08-01 08:58:00', '2024-08-01 18:02:00', 0, NULL),
(14, '2024-08-01', '2024-08-01 08:30:00', '2024-08-01 19:00:00', 0, NULL),
(15, '2024-08-01', '2024-08-01 08:55:00', '2024-08-01 18:30:00', 0, NULL),
(16, '2024-08-01', '2024-08-01 09:05:00', '2024-08-01 18:00:00', 1, '迟到5分钟'),
(17, '2024-08-01', '2024-08-01 08:45:00', '2024-08-01 18:15:00', 0, NULL),
(18, '2024-08-01', '2024-08-01 08:50:00', '2024-08-01 18:05:00', 0, NULL),
(19, '2024-08-01', '2024-08-01 08:55:00', '2024-08-01 18:00:00', 0, NULL),
(20, '2024-08-01', '2024-08-01 08:48:00', '2024-08-01 18:10:00', 0, NULL);

-- ============================================================
-- 7. 请假申请数据
-- ============================================================
INSERT IGNORE INTO `att_leave` (`emp_id`, `leave_type`, `start_date`, `end_date`, `duration`, `reason`, `status`) VALUES
(1, 1, '2024-08-10', '2024-08-12', 3.0, '年假休假', 1),
(2, 3, '2024-08-05', '2024-08-05', 1.0, '感冒发烧去医院', 1),
(3, 2, '2024-08-15', '2024-08-15', 1.0, '家中急事需要处理', 0),
(4, 4, '2024-09-01', '2024-09-05', 5.0, '婚假', 1),
(5, 1, '2024-08-20', '2024-08-21', 2.0, '年假休息', 1),
(6, 3, '2024-07-15', '2024-07-16', 2.0, '住院治疗', 1),
(7, 5, '2024-10-01', '2024-10-15', 15.0, '产假', 0),
(8, 2, '2024-08-08', '2024-08-08', 1.0, '个人私事', 2),
(10, 3, '2024-08-03', '2024-08-03', 1.0, '身体不适', 1),
(12, 6, '2024-08-22', '2024-08-23', 2.0, '家中丧事', 1),
(14, 1, '2024-09-10', '2024-09-12', 3.0, '家人旅游', 0),
(15, 3, '2024-08-18', '2024-08-18', 1.0, '去医院检查', 1),
(17, 2, '2024-08-25', '2024-08-25', 1.0, '个人事务', 1),
(20, 1, '2024-08-28', '2024-08-29', 2.0, '年假', 1);

-- ============================================================
-- 8. 薪资配置
-- ============================================================
INSERT IGNORE INTO `sal_config` (`id`, `name`, `basic_salary`, `housing_fund_rate`, `pension_rate`, `medical_rate`, `unemployment_rate`, `injury_rate`, `maternity_rate`, `tax_exemption`) VALUES
(1, '标准薪资配置', 8000.00, 12.00, 8.00, 2.00, 0.50, 0.20, 0.80, 5000.00),
(2, '高管薪资配置', 20000.00, 12.00, 8.00, 2.00, 0.50, 0.50, 0.80, 5000.00),
(3, '实习生薪资配置', 4000.00, 5.00, 8.00, 2.00, 0.50, 0.20, 0.80, 5000.00);

-- ============================================================
-- 9. 薪资记录（2024年7月）
-- ============================================================
INSERT IGNORE INTO `sal_record` (`emp_id`, `month`, `basic_salary`, `allowance`, `overtime_pay`, `bonus`, `deduction`, `housing_fund`, `pension`, `medical`, `unemployment`, `tax`, `actual_salary`, `status`) VALUES
(1, '2024-07', 15000.00, 2000.00, 500.00, 3000.00, 0.00, 1800.00, 1200.00, 300.00, 75.00, 450.00, 16675.00, 1),
(2, '2024-07', 12000.00, 1500.00, 300.00, 2000.00, 0.00, 1440.00, 960.00, 240.00, 60.00, 280.00, 12820.00, 1),
(3, '2024-07', 10000.00, 1000.00, 200.00, 1500.00, 0.00, 1200.00, 800.00, 200.00, 50.00, 180.00, 10270.00, 1),
(4, '2024-07', 9000.00, 800.00, 0.00, 1000.00, 0.00, 1080.00, 720.00, 180.00, 45.00, 130.00, 8645.00, 1),
(5, '2024-07', 9000.00, 800.00, 100.00, 1200.00, 0.00, 1080.00, 720.00, 180.00, 45.00, 140.00, 8935.00, 1),
(6, '2024-07', 8500.00, 700.00, 200.00, 1000.00, 0.00, 1020.00, 680.00, 170.00, 42.50, 120.00, 8367.50, 1),
(7, '2024-07', 8500.00, 700.00, 0.00, 800.00, 100.00, 1020.00, 680.00, 170.00, 42.50, 110.00, 7877.50, 1),
(8, '2024-07', 10000.00, 1000.00, 0.00, 1500.00, 0.00, 1200.00, 800.00, 200.00, 50.00, 180.00, 10270.00, 1),
(9, '2024-07', 9000.00, 800.00, 150.00, 1000.00, 0.00, 1080.00, 720.00, 180.00, 45.00, 130.00, 8795.00, 1),
(10, '2024-07', 8000.00, 600.00, 0.00, 800.00, 0.00, 960.00, 640.00, 160.00, 40.00, 100.00, 7500.00, 1),
(11, '2024-07', 8000.00, 600.00, 100.00, 900.00, 0.00, 960.00, 640.00, 160.00, 40.00, 110.00, 7690.00, 1),
(12, '2024-07', 7500.00, 500.00, 0.00, 700.00, 0.00, 900.00, 600.00, 150.00, 37.50, 85.00, 6927.50, 1),
(13, '2024-07', 7500.00, 500.00, 50.00, 600.00, 50.00, 900.00, 600.00, 150.00, 37.50, 80.00, 6832.50, 1),
(14, '2024-07', 25000.00, 5000.00, 0.00, 8000.00, 0.00, 3000.00, 2000.00, 500.00, 125.00, 1500.00, 30875.00, 1),
(15, '2024-07', 18000.00, 3000.00, 800.00, 5000.00, 0.00, 2160.00, 1440.00, 360.00, 90.00, 750.00, 22000.00, 1),
(16, '2024-07', 20000.00, 4000.00, 0.00, 6000.00, 0.00, 2400.00, 1600.00, 400.00, 100.00, 1100.00, 24400.00, 1),
(17, '2024-07', 22000.00, 4000.00, 0.00, 7000.00, 0.00, 2640.00, 1760.00, 440.00, 110.00, 1300.00, 26750.00, 1),
(18, '2024-07', 20000.00, 4000.00, 0.00, 5000.00, 0.00, 2400.00, 1600.00, 400.00, 100.00, 1000.00, 23500.00, 1),
(19, '2024-07', 18000.00, 3000.00, 0.00, 4000.00, 0.00, 2160.00, 1440.00, 360.00, 90.00, 750.00, 20200.00, 1),
(20, '2024-07', 8000.00, 500.00, 0.00, 500.00, 0.00, 960.00, 640.00, 160.00, 40.00, 50.00, 7150.00, 0);

-- ============================================================
-- 10. 绩效模板
-- ============================================================
INSERT IGNORE INTO `perf_template` (`id`, `name`, `description`, `status`) VALUES
(1, '2024年度绩效考核模板', '适用于全体员工年度考核，包含工作业绩、工作能力、工作态度三个维度', 0),
(2, '试用期考核模板', '适用于试用期员工转正评估', 0),
(3, '管理层360度评估模板', '适用于中高层管理人员的360度全方位评估', 0);

-- ============================================================
-- 11. 绩效计划
-- ============================================================
INSERT IGNORE INTO `perf_plan` (`id`, `template_id`, `name`, `start_date`, `end_date`, `status`) VALUES
(1, 1, '2024年Q2绩效考核', '2024-04-01', '2024-06-30', 2),
(2, 1, '2024年Q3绩效考核', '2024-07-01', '2024-09-30', 1),
(3, 2, '2024年8月试用期转正考核', '2024-08-01', '2024-08-31', 1);

-- ============================================================
-- 12. 绩效评审数据
-- ============================================================
INSERT IGNORE INTO `perf_review` (`plan_id`, `emp_id`, `self_score`, `self_comment`, `manager_score`, `manager_comment`, `final_score`, `result`) VALUES
(1, 1, 92.00, 'Q2完成全部开发任务，积极参与代码审查', 90.00, '表现优秀，技术能力强，团队协作好', 91.00, 1),
(1, 2, 88.00, '完成前端页面开发，优化了加载性能', 87.00, '前端技术扎实，UI还原度高', 87.50, 2),
(1, 3, 85.00, '完成了测试用例编写和自动化测试', 84.00, '测试覆盖率达到95%，质量意识好', 84.50, 2),
(1, 4, 78.00, '完成了市场推广目标', 80.00, '市场活动效果较好，需加强数据分析', 79.00, 3),
(1, 5, 82.00, '参与多次市场活动策划', 81.00, '执行力强，创意有待提升', 81.50, 2),
(1, 6, 75.00, '完成了季度招聘目标', 76.00, '招聘效率高，候选人质量好', 75.50, 3),
(1, 8, 88.00, '按时完成财务报表编制', 90.00, '财务数据准确无误，工作细致', 89.00, 2),
(2, 20, NULL, NULL, 85.00, '试用期表现良好，技术学习能力强', 85.00, 2);

-- ============================================================
-- 13. 招聘需求
-- ============================================================
INSERT IGNORE INTO `rec_demand` (`id`, `title`, `dept_id`, `position_id`, `headcount`, `current_count`, `description`, `requirement`, `salary_min`, `salary_max`, `status`) VALUES
(1, '高级Java开发工程师', 2, 3, 2, 1, '负责核心业务系统开发与维护，参与架构设计', '1. 5年以上Java开发经验\n2. 熟悉Spring Cloud微服务架构\n3. 有高并发系统设计经验', 20000.00, 35000.00, 1),
(2, '前端开发工程师', 2, 2, 1, 0, '负责Web端和移动端页面开发', '1. 3年以上前端开发经验\n2. 精通Vue.js和TypeScript\n3. 有移动端开发经验优先', 12000.00, 20000.00, 1),
(3, '市场拓展专员', 3, 6, 1, 0, '负责新客户开拓和市场活动执行', '1. 2年以上市场营销经验\n2. 良好的沟通能力\n3. 有B2B市场经验优先', 8000.00, 12000.00, 0),
(4, '财务分析师', 5, 10, 1, 1, '负责公司财务分析和预算管理', '1. 3年以上财务分析经验\n2. 持有CPA或CMA证书\n3. 熟悉财务建模', 12000.00, 18000.00, 3);

-- ============================================================
-- 14. 面试记录
-- ============================================================
INSERT IGNORE INTO `rec_interview` (`demand_id`, `candidate_name`, `phone`, `email`, `position`, `interview_date`, `interviewer`, `round`, `result`, `comment`) VALUES
(1, '林小明', '13700000001', 'linxm@email.com', '高级Java开发工程师', '2024-08-05 10:00:00', '刘备', 1, 1, '技术基础扎实，项目经验丰富，推荐进入二面'),
(1, '林小明', '13700000001', 'linxm@email.com', '高级Java开发工程师', '2024-08-08 14:00:00', '刘备', 2, 1, '架构设计能力强，具备团队管理潜力，建议录用'),
(1, '何大伟', '13700000002', 'hedw@email.com', '高级Java开发工程师', '2024-08-06 10:00:00', '关羽', 1, 2, '技术储备不足，对高并发场景理解不够深入'),
(2, '王小美', '13700000003', 'wangxm@email.com', '前端开发工程师', '2024-08-07 14:30:00', '李四', 1, 1, 'Vue.js项目经验丰富，UI/UX意识好，推荐录用'),
(2, '赵建国', '13700000004', 'zhaojg@email.com', '前端开发工程师', '2024-08-07 15:30:00', '李四', 1, 3, '基础尚可，但缺少大型项目经验，待定观察'),
(4, '钱学文', '13700000005', 'qianxw@email.com', '财务分析师', '2024-08-10 09:00:00', '诸葛亮', 1, 1, '财务分析能力强，数据敏感度高，推荐录用');

-- ============================================================
-- 15. Offer记录
-- ============================================================
INSERT IGNORE INTO `rec_offer` (`demand_id`, `candidate_name`, `offer_salary`, `offer_date`, `expiry_date`, `status`) VALUES
(1, '林小明', 28000.00, '2024-08-09', '2024-08-16', 2),
(2, '王小美', 16000.00, '2024-08-08', '2024-08-15', 1),
(4, '钱学文', 15000.00, '2024-08-12', '2024-08-19', 0);

-- ============================================================
-- 16. 培训计划
-- ============================================================
INSERT IGNORE INTO `train_plan` (`id`, `name`, `description`, `start_date`, `end_date`, `location`, `instructor`, `max_attendees`, `status`) VALUES
(1, '新员工入职培训', '公司文化、规章制度、办公系统使用培训', '2024-09-01', '2024-09-03', '公司3楼培训室', '吴九', 30, 0),
(2, 'Spring Cloud微服务技术培训', 'Spring Cloud全家桶实战培训，包含Nacos、Sentinel、Gateway等组件', '2024-08-15', '2024-08-17', '公司5楼会议室A', '刘备', 20, 1),
(3, '高效沟通与团队协作', '提升跨部门沟通效率和团队协作能力', '2024-07-10', '2024-07-11', '公司3楼培训室', '赵云', 25, 2),
(4, '数据分析与决策支持', '数据驱动决策方法论和工具实操培训', '2024-09-15', '2024-09-16', '公司5楼会议室B', '外部讲师-李明', 15, 0),
(5, '项目管理PMP认证培训', 'PMP项目管理知识体系培训，助力PMP认证', '2024-10-10', '2024-10-14', '公司3楼培训室', '外部讲师-王强', 20, 0);

-- ============================================================
-- 17. 培训记录
-- ============================================================
INSERT IGNORE INTO `train_record` (`plan_id`, `emp_id`, `attendance`, `score`, `evaluation`) VALUES
(3, 1, 1, 88.00, '培训内容丰富，讲师互动良好'),
(3, 2, 1, 85.00, '学到了很多实用沟通技巧'),
(3, 3, 1, 82.00, '团队协作环节很有收获'),
(3, 4, 1, 90.00, '案例分析非常精彩，受益匪浅'),
(3, 5, 2, NULL, NULL),
(3, 6, 1, 87.00, '对跨部门沟通有了新认识'),
(2, 1, 1, 92.00, '技术深度足够，实战性强'),
(2, 2, 1, 88.00, '对Spring Cloud有了系统了解'),
(2, 3, 1, 85.00, 'Sentinel部分讲解清晰'),
(2, 15, 1, 90.00, '可以作为内部技术分享参考'),
(2, 20, 1, 78.00, '大部分内容能理解，部分需要继续学习');

-- ============================================================
-- 18. 合同数据
-- ============================================================
INSERT IGNORE INTO `ctr_contract` (`emp_id`, `contract_type`, `start_date`, `end_date`, `sign_date`, `status`, `remark`) VALUES
(1, 1, '2020-01-15', '2025-01-14', '2020-01-10', 1, '首签3年+续签2年'),
(2, 1, '2020-03-01', '2025-02-28', '2020-02-25', 1, NULL),
(3, 1, '2020-06-15', '2025-06-14', '2020-06-10', 1, NULL),
(4, 1, '2021-01-10', '2026-01-09', '2020-12-28', 1, NULL),
(5, 1, '2021-03-20', '2026-03-19', '2021-03-15', 1, NULL),
(6, 1, '2021-07-01', '2026-06-30', '2021-06-25', 1, NULL),
(7, 1, '2022-01-05', '2027-01-04', '2021-12-28', 1, NULL),
(8, 1, '2022-05-10', '2027-05-09', '2022-05-05', 1, NULL),
(9, 1, '2022-09-01', '2027-08-31', '2022-08-28', 1, NULL),
(10, 1, '2023-01-15', '2028-01-14', '2023-01-10', 1, NULL),
(14, 1, '2024-02-15', '2027-02-14', '2024-02-10', 1, '高管合同'),
(15, 1, '2024-03-01', '2027-02-28', '2024-02-28', 1, NULL),
(16, 1, '2024-04-01', '2027-03-31', '2024-03-28', 1, '高管合同'),
(17, 1, '2024-05-01', '2027-04-30', '2024-04-28', 1, '高管合同'),
(18, 1, '2024-06-01', '2027-05-31', '2024-05-28', 1, '高管合同'),
(19, 1, '2024-07-01', '2027-06-30', '2024-06-28', 1, NULL),
(20, 2, '2024-08-01', '2024-10-31', '2024-07-28', 1, '试用期3个月');

-- ============================================================
-- 19. 操作日志（示例数据）
-- ============================================================
INSERT IGNORE INTO `sys_operation_log` (`module`, `operation`, `request_url`, `request_method`, `ip`, `duration`, `operator`) VALUES
('认证管理', '用户登录', '/api/v1/hr/auth/login', 'POST', '192.168.1.100', 45, 'admin'),
('员工管理', '新增员工', '/api/v1/hr/employee', 'POST', '192.168.1.100', 120, 'admin'),
('员工管理', '修改员工信息', '/api/v1/hr/employee', 'PUT', '192.168.1.100', 85, 'admin'),
('考勤管理', '新增考勤记录', '/api/v1/hr/attendance', 'POST', '192.168.1.101', 30, 'admin'),
('请假管理', '审批请假申请', '/api/v1/hr/attendance/leave/approve/2', 'PUT', '192.168.1.100', 50, 'admin'),
('薪酬管理', '发放7月工资', '/api/v1/hr/salary', 'POST', '192.168.1.100', 200, 'admin'),
('绩效管理', '创建Q3绩效计划', '/api/v1/hr/performance/plan', 'POST', '192.168.1.100', 65, 'admin'),
('培训管理', '新增培训计划', '/api/v1/hr/training/plan', 'POST', '192.168.1.102', 40, 'admin'),
('系统管理', '修改菜单', '/api/v1/hr/system/menu', 'PUT', '192.168.1.100', 25, 'admin'),
('系统管理', '新增角色', '/api/v1/hr/system/role', 'POST', '192.168.1.100', 35, 'admin');
